"","mean_body_mass","se","species_sex"
"1",3706.16438356164,37.9556724120027,"Adelie"
"2",3733.08823529412,46.6074745938162,"Chinstrap"
"3",5092.43697478992,45.9702436510021,"Gentoo"
"4",3862.27272727273,51.8614237178237,"FEMALE"
"5",4545.68452380952,60.7668876762554,"MALE"
